id,name,age,eye_color,hair_color,gender,created_at,updated_at
1,Eladio Crist,10,blue,brown,F,2015-10-13 00:41:04 UTC,2015-10-13 00:41:04 UTC
2,Dayana Graham,9,blue,red,M,2015-10-13 00:41:04 UTC,2015-10-13 00:41:04 UTC
3,Jerod McGlynn,9,green,red,M,2015-10-13 00:41:04 UTC,2015-10-13 00:41:04 UTC
4,Armando Mohr,5,brown,black,F,2015-10-13 00:41:04 UTC,2015-10-13 00:41:04 UTC
5,Jett Rogahn,8,green,red,M,2015-10-13 00:41:04 UTC,2015-10-13 00:41:04 UTC
6,Gertrude Brown,10,green,black,M,2015-10-13 00:41:04 UTC,2015-10-13 00:41:04 UTC
7,Stephany Adams,7,brown,blonde,F,2015-10-13 00:41:04 UTC,2015-10-13 00:41:04 UTC
8,Manuela Torp,7,green,red,F,2015-10-13 00:41:04 UTC,2015-10-13 00:41:04 UTC
9,Rachelle Zulauf Jr.,8,green,blonde,F,2015-10-13 00:41:04 UTC,2015-10-13 00:41:04 UTC
10,Janice Purdy,7,green,blonde,M,2015-10-13 00:41:04 UTC,2015-10-13 00:41:04 UTC
11,Franco McLaughlin,6,blue,black,M,2015-10-13 00:41:04 UTC,2015-10-13 00:41:04 UTC
12,Dr. Aditya Will,10,blue,red,F,2015-10-13 00:41:04 UTC,2015-10-13 00:41:04 UTC
13,Liliana Vandervort,7,brown,brown,M,2015-10-13 00:41:04 UTC,2015-10-13 00:41:04 UTC
14,Tatum Schamberger,9,blue,blonde,M,2015-10-13 00:41:04 UTC,2015-10-13 00:41:04 UTC
15,Abelardo Durgan,5,brown,red,F,2015-10-13 00:41:04 UTC,2015-10-13 00:41:04 UTC
16,Tanner Jaskolski,9,brown,blonde,M,2015-10-13 00:41:04 UTC,2015-10-13 00:41:04 UTC
17,Mr. Monte Turner,9,green,blonde,F,2015-10-13 00:41:04 UTC,2015-10-13 00:41:04 UTC
18,Newell White,9,brown,black,F,2015-10-13 00:41:04 UTC,2015-10-13 00:41:04 UTC
19,Brook Kuhn V,8,blue,black,M,2015-10-13 00:41:04 UTC,2015-10-13 00:41:04 UTC
20,Mrs. Janiya Satterfield,6,blue,red,F,2015-10-13 00:41:04 UTC,2015-10-13 00:41:04 UTC
21,Hertha Quigley DVM,9,green,red,M,2015-10-13 00:41:04 UTC,2015-10-13 00:41:04 UTC
22,Ms. Bailee Volkman,8,green,black,M,2015-10-13 00:41:04 UTC,2015-10-13 00:41:04 UTC
23,Ms. Amani Adams,7,green,brown,M,2015-10-13 00:41:04 UTC,2015-10-13 00:41:04 UTC
24,Shany Gislason,10,brown,brown,M,2015-10-13 00:41:04 UTC,2015-10-13 00:41:04 UTC
25,Leone Lemke,6,blue,red,F,2015-10-13 00:41:04 UTC,2015-10-13 00:41:04 UTC
26,Zachary Harris,8,green,blonde,F,2015-10-13 00:41:04 UTC,2015-10-13 00:41:04 UTC
27,Leopold Mertz,10,blue,red,F,2015-10-13 00:41:04 UTC,2015-10-13 00:41:04 UTC
28,Dr. Obie Terry,7,green,blonde,M,2015-10-13 00:41:04 UTC,2015-10-13 00:41:04 UTC
29,Martin Heidenreich Sr.,10,green,brown,F,2015-10-13 00:41:04 UTC,2015-10-13 00:41:04 UTC
30,Nadia Lindgren,10,blue,red,F,2015-10-13 00:41:04 UTC,2015-10-13 00:41:04 UTC
31,Anabel Gutmann,10,brown,black,M,2015-10-13 00:41:04 UTC,2015-10-13 00:41:04 UTC
32,Hobart Beer II,7,blue,blonde,M,2015-10-13 00:41:04 UTC,2015-10-13 00:41:04 UTC
33,Santos Hermiston,5,brown,brown,F,2015-10-13 00:41:04 UTC,2015-10-13 00:41:04 UTC
34,Beryl Goodwin,5,brown,black,F,2015-10-13 00:41:04 UTC,2015-10-13 00:41:04 UTC
35,Bonita Renner,5,brown,blonde,F,2015-10-13 00:41:04 UTC,2015-10-13 00:41:04 UTC
36,Ayden Russel,5,brown,red,M,2015-10-13 00:41:04 UTC,2015-10-13 00:41:04 UTC
37,Vicenta Cormier,8,green,blonde,F,2015-10-13 00:41:04 UTC,2015-10-13 00:41:04 UTC
38,Abel Legros,9,brown,blonde,M,2015-10-13 00:41:04 UTC,2015-10-13 00:41:04 UTC
39,Terrance Romaguera MD,9,brown,black,F,2015-10-13 00:41:04 UTC,2015-10-13 00:41:04 UTC
40,Rod Champlin III,8,blue,black,F,2015-10-13 00:41:04 UTC,2015-10-13 00:41:04 UTC
41,Laura Weimann,10,brown,black,M,2015-10-13 00:41:04 UTC,2015-10-13 00:41:04 UTC
42,Barrett Zemlak III,7,brown,red,F,2015-10-13 00:41:04 UTC,2015-10-13 00:41:04 UTC
43,Bret Leannon,8,brown,red,M,2015-10-13 00:41:04 UTC,2015-10-13 00:41:04 UTC
44,Fred Cormier,10,green,brown,M,2015-10-13 00:41:04 UTC,2015-10-13 00:41:04 UTC
45,Torrey Schneider,9,brown,brown,M,2015-10-13 00:41:04 UTC,2015-10-13 00:41:04 UTC
46,Jackeline Kozey,8,brown,red,M,2015-10-13 00:41:04 UTC,2015-10-13 00:41:04 UTC
47,Elena Raynor,6,blue,brown,M,2015-10-13 00:41:04 UTC,2015-10-13 00:41:04 UTC
48,Ebba Weimann,8,green,blonde,M,2015-10-13 00:41:04 UTC,2015-10-13 00:41:04 UTC
49,Arturo Bergnaum,8,blue,blonde,M,2015-10-13 00:41:04 UTC,2015-10-13 00:41:04 UTC
50,Clara Kozey,6,brown,blonde,F,2015-10-13 00:41:04 UTC,2015-10-13 00:41:04 UTC
51,Baby Barrows,5,green,blonde,F,2015-10-13 00:41:04 UTC,2015-10-13 00:41:04 UTC
52,Hillard Erdman,6,brown,brown,F,2015-10-13 00:41:04 UTC,2015-10-13 00:41:04 UTC
53,Hannah Quitzon,8,brown,blonde,M,2015-10-13 00:41:04 UTC,2015-10-13 00:41:04 UTC
54,Tracey McClure,9,green,black,F,2015-10-13 00:41:04 UTC,2015-10-13 00:41:04 UTC
55,Asa Sawayn,5,brown,blonde,F,2015-10-13 00:41:04 UTC,2015-10-13 00:41:04 UTC
56,Mauricio Bartoletti,10,green,red,F,2015-10-13 00:41:04 UTC,2015-10-13 00:41:04 UTC
57,Mrs. Antwon Monahan,9,brown,brown,M,2015-10-13 00:41:04 UTC,2015-10-13 00:41:04 UTC
58,Frances Satterfield,5,brown,brown,M,2015-10-13 00:41:04 UTC,2015-10-13 00:41:04 UTC
59,Irving Kassulke,7,brown,red,F,2015-10-13 00:41:04 UTC,2015-10-13 00:41:04 UTC
60,Miss Magnus Runte,5,brown,blonde,F,2015-10-13 00:41:04 UTC,2015-10-13 00:41:04 UTC
61,Dr. Jocelyn Upton,5,blue,black,F,2015-10-13 00:41:04 UTC,2015-10-13 00:41:04 UTC
62,Melvin Kling Sr.,6,blue,brown,F,2015-10-13 00:41:04 UTC,2015-10-13 00:41:04 UTC
63,Blaze Wisoky,9,green,blonde,M,2015-10-13 00:41:04 UTC,2015-10-13 00:41:04 UTC
64,Magnolia Simonis,9,brown,black,M,2015-10-13 00:41:04 UTC,2015-10-13 00:41:04 UTC
65,Moshe Reinger Sr.,5,green,black,M,2015-10-13 00:41:04 UTC,2015-10-13 00:41:04 UTC
66,Keshaun Abshire PhD,8,brown,brown,M,2015-10-13 00:41:04 UTC,2015-10-13 00:41:04 UTC
67,Trent Hilpert IV,6,blue,blonde,M,2015-10-13 00:41:04 UTC,2015-10-13 00:41:04 UTC
68,Ava Moen,8,green,red,M,2015-10-13 00:41:04 UTC,2015-10-13 00:41:04 UTC
69,Miss Gunner King,7,brown,black,F,2015-10-13 00:41:04 UTC,2015-10-13 00:41:04 UTC
70,Ryleigh Kihn,7,blue,red,M,2015-10-13 00:41:04 UTC,2015-10-13 00:41:04 UTC
71,Jerod Becker,5,brown,red,M,2015-10-13 00:41:04 UTC,2015-10-13 00:41:04 UTC
72,Jeremy Balistreri,8,blue,blonde,M,2015-10-13 00:41:04 UTC,2015-10-13 00:41:04 UTC
73,Miss Tomasa Block,9,blue,red,M,2015-10-13 00:41:04 UTC,2015-10-13 00:41:04 UTC
74,Mr. Caesar Hessel,5,brown,brown,F,2015-10-13 00:41:04 UTC,2015-10-13 00:41:04 UTC
75,Brody Bednar,6,brown,black,F,2015-10-13 00:41:04 UTC,2015-10-13 00:41:04 UTC
76,Jaylin Ondricka,10,brown,black,M,2015-10-13 00:41:04 UTC,2015-10-13 00:41:04 UTC
77,Presley Purdy PhD,7,brown,blonde,F,2015-10-13 00:41:04 UTC,2015-10-13 00:41:04 UTC
78,Mrs. Braden Glover,8,green,brown,M,2015-10-13 00:41:04 UTC,2015-10-13 00:41:04 UTC
79,Bernie Wunsch,10,green,brown,F,2015-10-13 00:41:04 UTC,2015-10-13 00:41:04 UTC
80,Bradly Wisoky,8,blue,black,M,2015-10-13 00:41:04 UTC,2015-10-13 00:41:04 UTC
81,Benjamin Wolff,5,brown,red,M,2015-10-13 00:41:04 UTC,2015-10-13 00:41:04 UTC
82,Brooks Hudson,5,green,black,M,2015-10-13 00:41:04 UTC,2015-10-13 00:41:04 UTC
83,Ernest King V,6,green,blonde,M,2015-10-13 00:41:04 UTC,2015-10-13 00:41:04 UTC
84,Zelda Toy,5,green,brown,M,2015-10-13 00:41:05 UTC,2015-10-13 00:41:05 UTC
85,Dr. Daphnee DuBuque,6,blue,red,M,2015-10-13 00:41:05 UTC,2015-10-13 00:41:05 UTC
86,Cassie Yundt,6,green,brown,M,2015-10-13 00:41:05 UTC,2015-10-13 00:41:05 UTC
87,Destiney Beahan,10,blue,blonde,M,2015-10-13 00:41:05 UTC,2015-10-13 00:41:05 UTC
88,Twila Bogisich,6,blue,red,F,2015-10-13 00:41:05 UTC,2015-10-13 00:41:05 UTC
89,Zola Erdman,8,brown,blonde,F,2015-10-13 00:41:05 UTC,2015-10-13 00:41:05 UTC
90,Alvera Botsford PhD,10,green,red,M,2015-10-13 00:41:05 UTC,2015-10-13 00:41:05 UTC
91,Mrs. Maxime Klein,5,brown,black,F,2015-10-13 00:41:05 UTC,2015-10-13 00:41:05 UTC
92,Kevin Zulauf,9,brown,black,F,2015-10-13 00:41:05 UTC,2015-10-13 00:41:05 UTC
93,Javon Schulist,10,brown,blonde,M,2015-10-13 00:41:05 UTC,2015-10-13 00:41:05 UTC
94,Kim Buckridge,10,blue,black,F,2015-10-13 00:41:05 UTC,2015-10-13 00:41:05 UTC
95,Bobbie Kuhn,10,green,blonde,M,2015-10-13 00:41:05 UTC,2015-10-13 00:41:05 UTC
96,Luz Eichmann,9,blue,brown,M,2015-10-13 00:41:05 UTC,2015-10-13 00:41:05 UTC
97,Therese Huel PhD,8,blue,blonde,M,2015-10-13 00:41:05 UTC,2015-10-13 00:41:05 UTC
98,Elton Nikolaus,7,green,brown,M,2015-10-13 00:41:05 UTC,2015-10-13 00:41:05 UTC
99,Noah King,7,brown,blonde,M,2015-10-13 00:41:05 UTC,2015-10-13 00:41:05 UTC
100,Natalia Heller,9,blue,blonde,F,2015-10-13 00:41:05 UTC,2015-10-13 00:41:05 UTC
101,Ms. Modesto Cremin,9,brown,black,F,2015-10-13 00:41:05 UTC,2015-10-13 00:41:05 UTC
102,Lavern Christiansen,7,green,black,M,2015-10-13 00:41:05 UTC,2015-10-13 00:41:05 UTC
103,Liliane Mohr,10,green,blonde,F,2015-10-13 00:41:05 UTC,2015-10-13 00:41:05 UTC
104,Alvera Schiller V,9,blue,black,M,2015-10-13 00:41:05 UTC,2015-10-13 00:41:05 UTC
105,Sonya Hammes,6,green,blonde,F,2015-10-13 00:41:05 UTC,2015-10-13 00:41:05 UTC
106,Mr. Gretchen Kozey,7,blue,red,F,2015-10-13 00:41:05 UTC,2015-10-13 00:41:05 UTC
107,Elliott Spencer,7,brown,blonde,F,2015-10-13 00:41:05 UTC,2015-10-13 00:41:05 UTC
108,Tristian Hilpert,8,green,red,F,2015-10-13 00:41:05 UTC,2015-10-13 00:41:05 UTC
109,Immanuel Dooley,5,brown,blonde,M,2015-10-13 00:41:05 UTC,2015-10-13 00:41:05 UTC
110,Dax Simonis,7,brown,brown,M,2015-10-13 00:41:05 UTC,2015-10-13 00:41:05 UTC
111,Dr. Emil Hegmann,5,brown,red,F,2015-10-13 00:41:05 UTC,2015-10-13 00:41:05 UTC
112,Miss Adah Smitham,5,blue,blonde,F,2015-10-13 00:41:05 UTC,2015-10-13 00:41:05 UTC
113,Margarete Spinka DDS,9,blue,blonde,F,2015-10-13 00:41:05 UTC,2015-10-13 00:41:05 UTC
114,Demetrius Turcotte DVM,6,green,black,F,2015-10-13 00:41:05 UTC,2015-10-13 00:41:05 UTC
115,Ida Gorczany I,10,brown,brown,F,2015-10-13 00:41:05 UTC,2015-10-13 00:41:05 UTC
116,Quincy Bednar Sr.,9,green,blonde,F,2015-10-13 00:41:05 UTC,2015-10-13 00:41:05 UTC
117,Gay Torp,10,brown,blonde,M,2015-10-13 00:41:05 UTC,2015-10-13 00:41:05 UTC
118,Ms. Alvera Dickens,8,brown,black,M,2015-10-13 00:41:05 UTC,2015-10-13 00:41:05 UTC
119,Amalia Kreiger I,5,green,brown,F,2015-10-13 00:41:05 UTC,2015-10-13 00:41:05 UTC
120,Murl Hilll,6,green,blonde,M,2015-10-13 00:41:05 UTC,2015-10-13 00:41:05 UTC
121,Miss Zetta Stanton,9,brown,black,M,2015-10-13 00:41:05 UTC,2015-10-13 00:41:05 UTC
122,Zack Torphy,6,green,red,M,2015-10-13 00:41:05 UTC,2015-10-13 00:41:05 UTC
123,Lesly Frami,6,green,red,F,2015-10-13 00:41:05 UTC,2015-10-13 00:41:05 UTC
124,Mr. Reynold Ondricka,8,green,red,F,2015-10-13 00:41:05 UTC,2015-10-13 00:41:05 UTC
125,Cameron Davis,6,brown,black,F,2015-10-13 00:41:05 UTC,2015-10-13 00:41:05 UTC
126,Brent Rutherford,10,blue,brown,M,2015-10-13 00:41:05 UTC,2015-10-13 00:41:05 UTC
127,Cristina Collier Jr.,8,brown,red,F,2015-10-13 00:41:05 UTC,2015-10-13 00:41:05 UTC
128,Ada Padberg,7,blue,blonde,M,2015-10-13 00:41:05 UTC,2015-10-13 00:41:05 UTC
129,Athena Stamm DVM,8,brown,red,F,2015-10-13 00:41:05 UTC,2015-10-13 00:41:05 UTC
130,Kendra Carroll,5,blue,blonde,M,2015-10-13 00:41:05 UTC,2015-10-13 00:41:05 UTC
131,Amely Hartmann,7,blue,blonde,F,2015-10-13 00:41:05 UTC,2015-10-13 00:41:05 UTC
132,Benton Mills,6,brown,black,F,2015-10-13 00:41:05 UTC,2015-10-13 00:41:05 UTC
133,Johnson Green,5,blue,black,M,2015-10-13 00:41:05 UTC,2015-10-13 00:41:05 UTC
134,Gaston Jaskolski,6,green,black,M,2015-10-13 00:41:05 UTC,2015-10-13 00:41:05 UTC
135,Nina Harvey II,6,green,red,M,2015-10-13 00:41:05 UTC,2015-10-13 00:41:05 UTC
136,Seth Leffler PhD,5,green,red,M,2015-10-13 00:41:05 UTC,2015-10-13 00:41:05 UTC
137,Billy Fahey,9,brown,brown,M,2015-10-13 00:41:05 UTC,2015-10-13 00:41:05 UTC
138,Queenie Stark,7,brown,brown,F,2015-10-13 00:41:05 UTC,2015-10-13 00:41:05 UTC
139,Lottie Bergstrom,7,brown,blonde,M,2015-10-13 00:41:05 UTC,2015-10-13 00:41:05 UTC
140,Donnie Graham,8,blue,brown,F,2015-10-13 00:41:05 UTC,2015-10-13 00:41:05 UTC
141,Miss Virginia Windler,6,brown,brown,F,2015-10-13 00:41:05 UTC,2015-10-13 00:41:05 UTC
142,Sarah Mann,8,brown,brown,F,2015-10-13 00:41:05 UTC,2015-10-13 00:41:05 UTC
143,Tito Jacobson,7,green,blonde,F,2015-10-13 00:41:05 UTC,2015-10-13 00:41:05 UTC
144,Stephanie Crooks,7,brown,black,F,2015-10-13 00:41:05 UTC,2015-10-13 00:41:05 UTC
145,Dallas Tromp,6,green,red,M,2015-10-13 00:41:05 UTC,2015-10-13 00:41:05 UTC
146,Dr. Virginie Gulgowski,8,blue,black,M,2015-10-13 00:41:05 UTC,2015-10-13 00:41:05 UTC
147,Lorenzo Harris,5,blue,red,M,2015-10-13 00:41:05 UTC,2015-10-13 00:41:05 UTC
148,Miss Yvette Hayes,9,green,red,M,2015-10-13 00:41:05 UTC,2015-10-13 00:41:05 UTC
149,Joan Labadie MD,7,brown,blonde,M,2015-10-13 00:41:05 UTC,2015-10-13 00:41:05 UTC
150,Marjory O'Kon IV,9,green,red,F,2015-10-13 00:41:05 UTC,2015-10-13 00:41:05 UTC
151,Mrs. Cleve Hackett,5,green,red,M,2015-10-13 00:41:05 UTC,2015-10-13 00:41:05 UTC
152,Mrs. Reynold Barrows,9,green,black,F,2015-10-13 00:41:05 UTC,2015-10-13 00:41:05 UTC
153,Keira Crooks,5,green,red,M,2015-10-13 00:41:05 UTC,2015-10-13 00:41:05 UTC
154,Aliyah Daniel,7,blue,brown,M,2015-10-13 00:41:05 UTC,2015-10-13 00:41:05 UTC
155,Casimir Cummerata,8,green,brown,M,2015-10-13 00:41:05 UTC,2015-10-13 00:41:05 UTC
156,Austin Bradtke Sr.,7,blue,brown,F,2015-10-13 00:41:05 UTC,2015-10-13 00:41:05 UTC
157,Reggie Erdman,8,green,black,M,2015-10-13 00:41:05 UTC,2015-10-13 00:41:05 UTC
158,Clarabelle Block,5,brown,brown,F,2015-10-13 00:41:05 UTC,2015-10-13 00:41:05 UTC
159,Carlo Lang,9,brown,black,F,2015-10-13 00:41:05 UTC,2015-10-13 00:41:05 UTC
160,Ivah Altenwerth,7,green,blonde,F,2015-10-13 00:41:05 UTC,2015-10-13 00:41:05 UTC
161,Myrl Lowe,5,green,black,M,2015-10-13 00:41:05 UTC,2015-10-13 00:41:05 UTC
162,Brody Pfeffer,5,blue,blonde,M,2015-10-13 00:41:05 UTC,2015-10-13 00:41:05 UTC
163,Bulah Ward II,6,blue,blonde,F,2015-10-13 00:41:05 UTC,2015-10-13 00:41:05 UTC
164,Greta Doyle,6,brown,red,M,2015-10-13 00:41:05 UTC,2015-10-13 00:41:05 UTC
165,Jacklyn Fritsch PhD,9,blue,blonde,M,2015-10-13 00:41:05 UTC,2015-10-13 00:41:05 UTC
166,Ian Simonis,7,blue,red,M,2015-10-13 00:41:05 UTC,2015-10-13 00:41:05 UTC
167,Marilou Cormier,9,brown,blonde,M,2015-10-13 00:41:05 UTC,2015-10-13 00:41:05 UTC
168,Davonte Kuhic,7,blue,brown,M,2015-10-13 00:41:05 UTC,2015-10-13 00:41:05 UTC
169,Electa Satterfield,7,blue,brown,M,2015-10-13 00:41:05 UTC,2015-10-13 00:41:05 UTC
170,Rigoberto Goodwin,5,blue,brown,F,2015-10-13 00:41:05 UTC,2015-10-13 00:41:05 UTC
